Tickers,Fields,CTY,Year,Full Name
GTBGN2Y Corp,COUNTRY_FULL_NAME,BULGARIA,2,BULGARIA 2Y Govt
GTBGN3Y Corp,COUNTRY_FULL_NAME,BULGARIA,3,BULGARIA 3Y Govt
GTBGN5Y Corp,COUNTRY_FULL_NAME,BULGARIA,5,BULGARIA 5Y Govt
GTBGN7Y Corp,COUNTRY_FULL_NAME,BULGARIA,7,BULGARIA 7Y Govt
GTBGN15Y Corp,COUNTRY_FULL_NAME,BULGARIA,15,BULGARIA 15Y Govt
GTCYP2Y Corp,COUNTRY_FULL_NAME,CYPRUS,2,CYPRUS 2Y Govt
GTCYP3Y Corp,COUNTRY_FULL_NAME,CYPRUS,3,CYPRUS 3Y Govt
GTCYP5Y Corp,COUNTRY_FULL_NAME,CYPRUS,5,CYPRUS 5Y Govt
GTCYP7Y Corp,COUNTRY_FULL_NAME,CYPRUS,7,CYPRUS 7Y Govt
GTCYP10Y Corp,COUNTRY_FULL_NAME,CYPRUS,10,CYPRUS 10Y Govt
GTCZK2Y Corp,COUNTRY_FULL_NAME,CZECH,2,CZECH 2Y Govt
GTCZK3Y Corp,COUNTRY_FULL_NAME,CZECH,3,CZECH 3Y Govt
GTCZK5Y Corp,COUNTRY_FULL_NAME,CZECH,5,CZECH 5Y Govt
GTCZK7Y Corp,COUNTRY_FULL_NAME,CZECH,7,CZECH 7Y Govt
GTCZK10Y Corp,COUNTRY_FULL_NAME,CZECH,10,CZECH 10Y Govt
GTCZK15Y Corp,COUNTRY_FULL_NAME,CZECH,15,CZECH 15Y Govt
GTEURHR5Y Corp,COUNTRY_FULL_NAME,CROATIA,5,CROATIA 5Y Govt
GTEURHR7Y Corp,COUNTRY_FULL_NAME,CROATIA,7,CROATIA 7Y Govt
GTEURHR10Y Corp,COUNTRY_FULL_NAME,CROATIA,10,CROATIA 10Y Govt
GTEURHR20Y Corp,COUNTRY_FULL_NAME,CROATIA,20,CROATIA 20Y Govt
GTISK2Y Corp,COUNTRY_FULL_NAME,ICELAND,2,ICELAND 2Y Govt
GTISK5Y Corp,COUNTRY_FULL_NAME,ICELAND,5,ICELAND 5Y Govt
GTISK10Y Corp,COUNTRY_FULL_NAME,ICELAND,10,ICELAND 10Y Govt
GTLBP2Y Corp,COUNTRY_FULL_NAME,LEBANON,2,LEBANON 2Y Govt
GTLBP5Y Corp,COUNTRY_FULL_NAME,LEBANON,5,LEBANON 5Y Govt
GTLBP7Y Corp,COUNTRY_FULL_NAME,LEBANON,7,LEBANON 7Y Govt
GTLBP10Y Corp,COUNTRY_FULL_NAME,LEBANON,10,LEBANON 10Y Govt
GTLBP15Y Corp,COUNTRY_FULL_NAME,LEBANON,15,LEBANON 15Y Govt
GTNLG2Y Corp,COUNTRY_FULL_NAME,NETHERLANDS,2,NETHERLANDS 2Y Govt
GTNLG3Y Corp,COUNTRY_FULL_NAME,NETHERLANDS,3,NETHERLANDS 3Y Govt
GTNLG5Y Corp,COUNTRY_FULL_NAME,NETHERLANDS,5,NETHERLANDS 5Y Govt
GTNLG7Y Corp,COUNTRY_FULL_NAME,NETHERLANDS,7,NETHERLANDS 7Y Govt
GTNLG10Y Corp,COUNTRY_FULL_NAME,NETHERLANDS,10,NETHERLANDS 10Y Govt
GTNLG15Y Corp,COUNTRY_FULL_NAME,NETHERLANDS,15,NETHERLANDS 15Y Govt
GTNLG30Y Corp,COUNTRY_FULL_NAME,NETHERLANDS,30,NETHERLANDS 30Y Govt
GTGBP2Y Corp,COUNTRY_FULL_NAME,BRITAIN,2,BRITAIN 2Y Govt
GTGBP3Y Corp,COUNTRY_FULL_NAME,BRITAIN,3,BRITAIN 3Y Govt
GTGBP5Y Corp,COUNTRY_FULL_NAME,BRITAIN,5,BRITAIN 5Y Govt
GTGBP7Y Corp,COUNTRY_FULL_NAME,BRITAIN,7,BRITAIN 7Y Govt
GTGBP10Y Corp,COUNTRY_FULL_NAME,BRITAIN,10,BRITAIN 10Y Govt
GTGBP15Y Corp,COUNTRY_FULL_NAME,BRITAIN,15,BRITAIN 15Y Govt
GTGBP30Y Corp,COUNTRY_FULL_NAME,BRITAIN,30,BRITAIN 30Y Govt
GTFRF2Y Corp,COUNTRY_FULL_NAME,FRANCE,2,FRANCE 2Y Govt
GTFRF3Y Corp,COUNTRY_FULL_NAME,FRANCE,3,FRANCE 3Y Govt
GTFRF5Y Corp,COUNTRY_FULL_NAME,FRANCE,5,FRANCE 5Y Govt
GTFRF7Y Corp,COUNTRY_FULL_NAME,FRANCE,7,FRANCE 7Y Govt
GTFRF10Y Corp,COUNTRY_FULL_NAME,FRANCE,10,FRANCE 10Y Govt
GTFRF15Y Corp,COUNTRY_FULL_NAME,FRANCE,15,FRANCE 15Y Govt
GTFRF30Y Corp,COUNTRY_FULL_NAME,FRANCE,30,FRANCE 30Y Govt
KSA GB 2Y Corp,COUNTRY_FULL_NAME,SAUDI ARABIA,2,SAUDI ARABIA 2Y Govt
KSA GB 3Y Corp,COUNTRY_FULL_NAME,SAUDI ARABIA,3,SAUDI ARABIA 3Y Govt
KSA GB 5Y Corp,COUNTRY_FULL_NAME,SAUDI ARABIA,5,SAUDI ARABIA 5Y Govt
KSA GB 10Y Corp,COUNTRY_FULL_NAME,SAUDI ARABIA,10,SAUDI ARABIA 10Y Govt
KSA GB 30Y Corp,COUNTRY_FULL_NAME,SAUDI ARABIA,30,SAUDI ARABIA 30Y Govt
GTUSDRU2Y Corp,COUNTRY_FULL_NAME,RUSSIA,2,RUSSIA 2Y Govt
GTUSDRU10Y Corp,COUNTRY_FULL_NAME,RUSSIA,10,RUSSIA 10Y Govt
GTUSDTR2Y Corp,COUNTRY_FULL_NAME,TURKEY,2,TURKEY 2Y Govt
GTUSDTR3Y Corp,COUNTRY_FULL_NAME,TURKEY,3,TURKEY 3Y Govt
GTUSDTR5Y Corp,COUNTRY_FULL_NAME,TURKEY,5,TURKEY 5Y Govt
GTUSDTR7Y Corp,COUNTRY_FULL_NAME,TURKEY,7,TURKEY 7Y Govt
GTUSDTR10Y Corp,COUNTRY_FULL_NAME,TURKEY,10,TURKEY 10Y Govt
GTUSDTR15Y Corp,COUNTRY_FULL_NAME,TURKEY,15,TURKEY 15Y Govt
GTDKK2Y Corp,COUNTRY_FULL_NAME,DENMARK,2,DENMARK 2Y Govt
GTDKK10Y Corp,COUNTRY_FULL_NAME,DENMARK,10,DENMARK 10Y Govt
GTDKK15Y Corp,COUNTRY_FULL_NAME,DENMARK,15,DENMARK 15Y Govt
GTDKK30Y Corp,COUNTRY_FULL_NAME,DENMARK,30,DENMARK 30Y Govt
GTIEP2Y Corp,COUNTRY_FULL_NAME,IRELAND,2,IRELAND 2Y Govt
GTIEP3Y Corp,COUNTRY_FULL_NAME,IRELAND,3,IRELAND 3Y Govt
GTIEP5Y Corp,COUNTRY_FULL_NAME,IRELAND,5,IRELAND 5Y Govt
GTIEP7Y Corp,COUNTRY_FULL_NAME,IRELAND,7,IRELAND 7Y Govt
GTIEP10Y Corp,COUNTRY_FULL_NAME,IRELAND,10,IRELAND 10Y Govt
GTIEP15Y Corp,COUNTRY_FULL_NAME,IRELAND,15,IRELAND 15Y Govt
GTIEP30Y Corp,COUNTRY_FULL_NAME,IRELAND,30,IRELAND 30Y Govt
GTPLN2Y Corp,COUNTRY_FULL_NAME,POLAND,2,POLAND 2Y Govt
GTPLN3Y Corp,COUNTRY_FULL_NAME,POLAND,3,POLAND 3Y Govt
GTPLN5Y Corp,COUNTRY_FULL_NAME,POLAND,5,POLAND 5Y Govt
GTPLN7Y Corp,COUNTRY_FULL_NAME,POLAND,7,POLAND 7Y Govt
GTPLN10Y Corp,COUNTRY_FULL_NAME,POLAND,10,POLAND 10Y Govt
GTRON2Y Corp,COUNTRY_FULL_NAME,ROMANIA,2,ROMANIA 2Y Govt
GTRON3Y Corp,COUNTRY_FULL_NAME,ROMANIA,3,ROMANIA 3Y Govt
GTRON5Y Corp,COUNTRY_FULL_NAME,ROMANIA,5,ROMANIA 5Y Govt
GTRON7Y Corp,COUNTRY_FULL_NAME,ROMANIA,7,ROMANIA 7Y Govt
GTRON10Y Corp,COUNTRY_FULL_NAME,ROMANIA,10,ROMANIA 10Y Govt
GTRON15Y Corp,COUNTRY_FULL_NAME,ROMANIA,15,ROMANIA 15Y Govt
GTILS2Y Corp,COUNTRY_FULL_NAME,ISRAEL,2,ISRAEL 2Y Govt
GTILS3Y Corp,COUNTRY_FULL_NAME,ISRAEL,3,ISRAEL 3Y Govt
GTILS5Y Corp,COUNTRY_FULL_NAME,ISRAEL,5,ISRAEL 5Y Govt
GTILS10Y Corp,COUNTRY_FULL_NAME,ISRAEL,10,ISRAEL 10Y Govt
GTILS30Y Corp,COUNTRY_FULL_NAME,ISRAEL,30,ISRAEL 30Y Govt
GTESP2Y Corp,COUNTRY_FULL_NAME,SPAIN,2,SPAIN 2Y Govt
GTESP3Y Corp,COUNTRY_FULL_NAME,SPAIN,3,SPAIN 3Y Govt
GTESP5Y Corp,COUNTRY_FULL_NAME,SPAIN,5,SPAIN 5Y Govt
GTESP7Y Corp,COUNTRY_FULL_NAME,SPAIN,7,SPAIN 7Y Govt
GTESP10Y Corp,COUNTRY_FULL_NAME,SPAIN,10,SPAIN 10Y Govt
GTESP15Y Corp,COUNTRY_FULL_NAME,SPAIN,15,SPAIN 15Y Govt
GTESP30Y Corp,COUNTRY_FULL_NAME,SPAIN,30,SPAIN 30Y Govt
GTDEM2Y Corp,COUNTRY_FULL_NAME,GERMANY,2,GERMANY 2Y Govt
GTDEM3Y Corp,COUNTRY_FULL_NAME,GERMANY,3,GERMANY 3Y Govt
GTDEM5Y Corp,COUNTRY_FULL_NAME,GERMANY,5,GERMANY 5Y Govt
GTDEM7Y Corp,COUNTRY_FULL_NAME,GERMANY,7,GERMANY 7Y Govt
GTDEM10Y Corp,COUNTRY_FULL_NAME,GERMANY,10,GERMANY 10Y Govt
GTDEM15Y Corp,COUNTRY_FULL_NAME,GERMANY,15,GERMANY 15Y Govt
GTDEM30Y Corp,COUNTRY_FULL_NAME,GERMANY,30,GERMANY 30Y Govt
EU GB 2Y Corp,COUNTRY_FULL_NAME,SNAT,2,SNAT 2Y Govt
EU GB 3Y Corp,COUNTRY_FULL_NAME,SNAT,3,SNAT 3Y Govt
EU GB 5Y Corp,COUNTRY_FULL_NAME,SNAT,5,SNAT 5Y Govt
EU GB 7Y Corp,COUNTRY_FULL_NAME,SNAT,7,SNAT 7Y Govt
EU GB 10Y Corp,COUNTRY_FULL_NAME,SNAT,10,SNAT 10Y Govt
EU GB 15Y Corp,COUNTRY_FULL_NAME,SNAT,15,SNAT 15Y Govt
EU GB 30Y Corp,COUNTRY_FULL_NAME,SNAT,30,SNAT 30Y Govt
GTATS2Y Corp,COUNTRY_FULL_NAME,AUSTRIA,2,AUSTRIA 2Y Govt
GTATS3Y Corp,COUNTRY_FULL_NAME,AUSTRIA,3,AUSTRIA 3Y Govt
GTATS5Y Corp,COUNTRY_FULL_NAME,AUSTRIA,5,AUSTRIA 5Y Govt
GTATS7Y Corp,COUNTRY_FULL_NAME,AUSTRIA,7,AUSTRIA 7Y Govt
GTATS10Y Corp,COUNTRY_FULL_NAME,AUSTRIA,10,AUSTRIA 10Y Govt
GTATS15Y Corp,COUNTRY_FULL_NAME,AUSTRIA,15,AUSTRIA 15Y Govt
GTATS30Y Corp,COUNTRY_FULL_NAME,AUSTRIA,30,AUSTRIA 30Y Govt
GTLVL2Y Corp,COUNTRY_FULL_NAME,LATVIA,2,LATVIA 2Y Govt
GTLVL3Y Corp,COUNTRY_FULL_NAME,LATVIA,3,LATVIA 3Y Govt
GTLVL4Y Corp,COUNTRY_FULL_NAME,LATVIA,4,LATVIA 4Y Govt
GTLVL5Y Corp,COUNTRY_FULL_NAME,LATVIA,5,LATVIA 5Y Govt
GTLVL7Y Corp,COUNTRY_FULL_NAME,LATVIA,7,LATVIA 7Y Govt
GTLVL10Y Corp,COUNTRY_FULL_NAME,LATVIA,10,LATVIA 10Y Govt
GTLVL15Y Corp,COUNTRY_FULL_NAME,LATVIA,15,LATVIA 15Y Govt
GTNOK2Y Corp,COUNTRY_FULL_NAME,NORWAY,2,NORWAY 2Y Govt
GTNOK3Y Corp,COUNTRY_FULL_NAME,NORWAY,3,NORWAY 3Y Govt
GTNOK5Y Corp,COUNTRY_FULL_NAME,NORWAY,5,NORWAY 5Y Govt
GTNOK7Y Corp,COUNTRY_FULL_NAME,NORWAY,7,NORWAY 7Y Govt
GTNOK10Y Corp,COUNTRY_FULL_NAME,NORWAY,10,NORWAY 10Y Govt
GTNOK15Y Corp,COUNTRY_FULL_NAME,NORWAY,15,NORWAY 15Y Govt
GTRUB2Y Corp,COUNTRY_FULL_NAME,RUSSIA,2,RUSSIA 2Y Govt
GTRUB3Y Corp,COUNTRY_FULL_NAME,RUSSIA,3,RUSSIA 3Y Govt
GTRUB5Y Corp,COUNTRY_FULL_NAME,RUSSIA,5,RUSSIA 5Y Govt
GTRUB7Y Corp,COUNTRY_FULL_NAME,RUSSIA,7,RUSSIA 7Y Govt
GTRUB10Y Corp,COUNTRY_FULL_NAME,RUSSIA,10,RUSSIA 10Y Govt
GTRUB15Y Corp,COUNTRY_FULL_NAME,RUSSIA,15,RUSSIA 15Y Govt
GTTRY2Y Corp,COUNTRY_FULL_NAME,TURKEY,2,TURKEY 2Y Govt
GTTRY3Y Corp,COUNTRY_FULL_NAME,TURKEY,3,TURKEY 3Y Govt
GTTRY5Y Corp,COUNTRY_FULL_NAME,TURKEY,5,TURKEY 5Y Govt
GTTRY10Y Corp,COUNTRY_FULL_NAME,TURKEY,10,TURKEY 10Y Govt
GTZAR2Y Corp,COUNTRY_FULL_NAME,SOUTH AFRICA,2,SOUTH AFRICA 2Y Govt
GTZAR5Y Corp,COUNTRY_FULL_NAME,SOUTH AFRICA,5,SOUTH AFRICA 5Y Govt
GTZAR7Y Corp,COUNTRY_FULL_NAME,SOUTH AFRICA,7,SOUTH AFRICA 7Y Govt
GTZAR10Y Corp,COUNTRY_FULL_NAME,SOUTH AFRICA,10,SOUTH AFRICA 10Y Govt
GTZAR15Y Corp,COUNTRY_FULL_NAME,SOUTH AFRICA,15,SOUTH AFRICA 15Y Govt
GTZAR30Y Corp,COUNTRY_FULL_NAME,SOUTH AFRICA,30,SOUTH AFRICA 30Y Govt
GTGRD2Y Corp,COUNTRY_FULL_NAME,GREECE,2,GREECE 2Y Govt
GTGRD3Y Corp,COUNTRY_FULL_NAME,GREECE,3,GREECE 3Y Govt
GTGRD5Y Corp,COUNTRY_FULL_NAME,GREECE,5,GREECE 5Y Govt
GTGRD7Y Corp,COUNTRY_FULL_NAME,GREECE,7,GREECE 7Y Govt
GTGRD10Y Corp,COUNTRY_FULL_NAME,GREECE,10,GREECE 10Y Govt
GTGRD15Y Corp,COUNTRY_FULL_NAME,GREECE,15,GREECE 15Y Govt
GTGRD30Y Corp,COUNTRY_FULL_NAME,GREECE,30,GREECE 30Y Govt
GTITL2Y Corp,COUNTRY_FULL_NAME,ITALY,2,ITALY 2Y Govt
GTITL3Y Corp,COUNTRY_FULL_NAME,ITALY,3,ITALY 3Y Govt
GTITL5Y Corp,COUNTRY_FULL_NAME,ITALY,5,ITALY 5Y Govt
GTITL7Y Corp,COUNTRY_FULL_NAME,ITALY,7,ITALY 7Y Govt
GTITL10Y Corp,COUNTRY_FULL_NAME,ITALY,10,ITALY 10Y Govt
GTITL15Y Corp,COUNTRY_FULL_NAME,ITALY,15,ITALY 15Y Govt
GTITL30Y Corp,COUNTRY_FULL_NAME,ITALY,30,ITALY 30Y Govt
GTSEK2Y Corp,COUNTRY_FULL_NAME,SWEDEN,2,SWEDEN 2Y Govt
GTSEK5Y Corp,COUNTRY_FULL_NAME,SWEDEN,5,SWEDEN 5Y Govt
GTSEK7Y Corp,COUNTRY_FULL_NAME,SWEDEN,7,SWEDEN 7Y Govt
GTSEK10Y Corp,COUNTRY_FULL_NAME,SWEDEN,10,SWEDEN 10Y Govt
GTSEK15Y Corp,COUNTRY_FULL_NAME,SWEDEN,15,SWEDEN 15Y Govt
GTBEF2Y Corp,COUNTRY_FULL_NAME,BELGIUM,2,BELGIUM 2Y Govt
GTBEF3Y Corp,COUNTRY_FULL_NAME,BELGIUM,3,BELGIUM 3Y Govt
GTBEF5Y Corp,COUNTRY_FULL_NAME,BELGIUM,5,BELGIUM 5Y Govt
GTBEF7Y Corp,COUNTRY_FULL_NAME,BELGIUM,7,BELGIUM 7Y Govt
GTBEF10Y Corp,COUNTRY_FULL_NAME,BELGIUM,10,BELGIUM 10Y Govt
GTBEF15Y Corp,COUNTRY_FULL_NAME,BELGIUM,15,BELGIUM 15Y Govt
GTBEF30Y Corp,COUNTRY_FULL_NAME,BELGIUM,30,BELGIUM 30Y Govt
GTFIM2Y Corp,COUNTRY_FULL_NAME,FINLAND,2,FINLAND 2Y Govt
GTFIM3Y Corp,COUNTRY_FULL_NAME,FINLAND,3,FINLAND 3Y Govt
GTFIM5Y Corp,COUNTRY_FULL_NAME,FINLAND,5,FINLAND 5Y Govt
GTFIM7Y Corp,COUNTRY_FULL_NAME,FINLAND,7,FINLAND 7Y Govt
GTFIM10Y Corp,COUNTRY_FULL_NAME,FINLAND,10,FINLAND 10Y Govt
GTFIM15Y Corp,COUNTRY_FULL_NAME,FINLAND,15,FINLAND 15Y Govt
GTFIM30Y Corp,COUNTRY_FULL_NAME,FINLAND,30,FINLAND 30Y Govt
GTHUF3Y Corp,COUNTRY_FULL_NAME,HUNGARY,3,HUNGARY 3Y Govt
GTHUF5Y Corp,COUNTRY_FULL_NAME,HUNGARY,5,HUNGARY 5Y Govt
GTHUF10Y Corp,COUNTRY_FULL_NAME,HUNGARY,10,HUNGARY 10Y Govt
GTHUF15Y Corp,COUNTRY_FULL_NAME,HUNGARY,15,HUNGARY 15Y Govt
GTEURLT2Y Corp,COUNTRY_FULL_NAME,LITHUANIA,2,LITHUANIA 2Y Govt
GTEURLT3Y Corp,COUNTRY_FULL_NAME,LITHUANIA,3,LITHUANIA 3Y Govt
GTEURLT4Y Corp,COUNTRY_FULL_NAME,LITHUANIA,4,LITHUANIA 4Y Govt
GTEURLT5Y Corp,COUNTRY_FULL_NAME,LITHUANIA,5,LITHUANIA 5Y Govt
GTEURLT7Y Corp,COUNTRY_FULL_NAME,LITHUANIA,7,LITHUANIA 7Y Govt
GTEURLT10Y Corp,COUNTRY_FULL_NAME,LITHUANIA,10,LITHUANIA 10Y Govt
GTEURLT30Y Corp,COUNTRY_FULL_NAME,LITHUANIA,30,LITHUANIA 30Y Govt
GTNGN2Y Corp,COUNTRY_FULL_NAME,NIGERIA,2,NIGERIA 2Y Govt
GTNGN3Y Corp,COUNTRY_FULL_NAME,NIGERIA,3,NIGERIA 3Y Govt
GTNGN5Y Corp,COUNTRY_FULL_NAME,NIGERIA,5,NIGERIA 5Y Govt
GTNGN7Y Corp,COUNTRY_FULL_NAME,NIGERIA,7,NIGERIA 7Y Govt
GTNGN10Y Corp,COUNTRY_FULL_NAME,NIGERIA,10,NIGERIA 10Y Govt
GTNGN15Y Corp,COUNTRY_FULL_NAME,NIGERIA,15,NIGERIA 15Y Govt
GTNGN30Y Corp,COUNTRY_FULL_NAME,NIGERIA,30,NIGERIA 30Y Govt
GTSKK2Y Corp,COUNTRY_FULL_NAME,SLOVAKIA,2,SLOVAKIA 2Y Govt
GTSKK3Y Corp,COUNTRY_FULL_NAME,SLOVAKIA,3,SLOVAKIA 3Y Govt
GTSKK5Y Corp,COUNTRY_FULL_NAME,SLOVAKIA,5,SLOVAKIA 5Y Govt
GTSKK7Y Corp,COUNTRY_FULL_NAME,SLOVAKIA,7,SLOVAKIA 7Y Govt
GTSKK10Y Corp,COUNTRY_FULL_NAME,SLOVAKIA,10,SLOVAKIA 10Y Govt
GTSKK15Y Corp,COUNTRY_FULL_NAME,SLOVAKIA,15,SLOVAKIA 15Y Govt
GTSKK30Y Corp,COUNTRY_FULL_NAME,SLOVAKIA,30,SLOVAKIA 30Y Govt
GTSIT2Y Corp,COUNTRY_FULL_NAME,SLOVENIA,2,SLOVENIA 2Y Govt
GTSIT3Y Corp,COUNTRY_FULL_NAME,SLOVENIA,3,SLOVENIA 3Y Govt
GTSIT5Y Corp,COUNTRY_FULL_NAME,SLOVENIA,5,SLOVENIA 5Y Govt
GTSIT7Y Corp,COUNTRY_FULL_NAME,SLOVENIA,7,SLOVENIA 7Y Govt
GTSIT10Y Corp,COUNTRY_FULL_NAME,SLOVENIA,10,SLOVENIA 10Y Govt
GTSIT15Y Corp,COUNTRY_FULL_NAME,SLOVENIA,15,SLOVENIA 15Y Govt
GTSIT30Y Corp,COUNTRY_FULL_NAME,SLOVENIA,30,SLOVENIA 30Y Govt
GTPTE2Y Corp,COUNTRY_FULL_NAME,PORTUGAL,2,PORTUGAL 2Y Govt
GTPTE3Y Corp,COUNTRY_FULL_NAME,PORTUGAL,3,PORTUGAL 3Y Govt
GTPTE5Y Corp,COUNTRY_FULL_NAME,PORTUGAL,5,PORTUGAL 5Y Govt
GTPTE7Y Corp,COUNTRY_FULL_NAME,PORTUGAL,7,PORTUGAL 7Y Govt
GTPTE10Y Corp,COUNTRY_FULL_NAME,PORTUGAL,10,PORTUGAL 10Y Govt
GTPTE15Y Corp,COUNTRY_FULL_NAME,PORTUGAL,15,PORTUGAL 15Y Govt
GTPTE30Y Corp,COUNTRY_FULL_NAME,PORTUGAL,30,PORTUGAL 30Y Govt
GTCHF2Y Corp,COUNTRY_FULL_NAME,SWITZERLAND,2,SWITZERLAND 2Y Govt
GTCHF3Y Corp,COUNTRY_FULL_NAME,SWITZERLAND,3,SWITZERLAND 3Y Govt
GTCHF5Y Corp,COUNTRY_FULL_NAME,SWITZERLAND,5,SWITZERLAND 5Y Govt
GTCHF7Y Corp,COUNTRY_FULL_NAME,SWITZERLAND,7,SWITZERLAND 7Y Govt
GTCHF10Y Corp,COUNTRY_FULL_NAME,SWITZERLAND,10,SWITZERLAND 10Y Govt
GTCHF15Y Corp,COUNTRY_FULL_NAME,SWITZERLAND,15,SWITZERLAND 15Y Govt
GTCHF30Y Corp,COUNTRY_FULL_NAME,SWITZERLAND,30,SWITZERLAND 30Y Govt
GTUAH5Y Corp,COUNTRY_FULL_NAME,UKRAINE,5,UKRAINE 5Y Govt
GTUAH10Y Corp,COUNTRY_FULL_NAME,UKRAINE,10,UKRAINE 10Y Govt
QATAR GB 3Y Corp,COUNTRY_FULL_NAME,QATAR,3,QATAR 3Y Govt
QATAR GB 5Y Corp,COUNTRY_FULL_NAME,QATAR,5,QATAR 5Y Govt
QATAR GB 10Y Corp,COUNTRY_FULL_NAME,QATAR,10,QATAR 10Y Govt
QATAR GB 15Y Corp,COUNTRY_FULL_NAME,QATAR,15,QATAR 15Y Govt
GTCRC2Y Corp,COUNTRY_FULL_NAME,COSTA RICA,2,COSTA RICA 2Y Govt
GTCRC5Y Corp,COUNTRY_FULL_NAME,COSTA RICA,5,COSTA RICA 5Y Govt
GTCRC30Y Corp,COUNTRY_FULL_NAME,COSTA RICA,30,COSTA RICA 30Y Govt
GTUSDCO5Y Corp,COUNTRY_FULL_NAME,COLOMBIA,5,COLOMBIA 5Y Govt
GTUSDCO10Y Corp,COUNTRY_FULL_NAME,COLOMBIA,10,COLOMBIA 10Y Govt
GTUSDCO15Y Corp,COUNTRY_FULL_NAME,COLOMBIA,15,COLOMBIA 15Y Govt
GTUSDCO30Y Corp,COUNTRY_FULL_NAME,COLOMBIA,30,COLOMBIA 30Y Govt
GTUSDBR2Y Corp,COUNTRY_FULL_NAME,BRAZIL,2,BRAZIL 2Y Govt
GTUSDBR3Y Corp,COUNTRY_FULL_NAME,BRAZIL,3,BRAZIL 3Y Govt
GTUSDBR5Y Corp,COUNTRY_FULL_NAME,BRAZIL,5,BRAZIL 5Y Govt
GTUSDBR7Y Corp,COUNTRY_FULL_NAME,BRAZIL,7,BRAZIL 7Y Govt
GTUSDBR10Y Corp,COUNTRY_FULL_NAME,BRAZIL,10,BRAZIL 10Y Govt
GTUSDBR15Y Corp,COUNTRY_FULL_NAME,BRAZIL,15,BRAZIL 15Y Govt
GTUSDBR30Y Corp,COUNTRY_FULL_NAME,BRAZIL,30,BRAZIL 30Y Govt
GTCAD2Y Corp,COUNTRY_FULL_NAME,CANADA,2,CANADA 2Y Govt
GTCAD3Y Corp,COUNTRY_FULL_NAME,CANADA,3,CANADA 3Y Govt
GTCAD4Y Corp,COUNTRY_FULL_NAME,CANADA,4,CANADA 4Y Govt
GTCAD5Y Corp,COUNTRY_FULL_NAME,CANADA,5,CANADA 5Y Govt
GTCAD7Y Corp,COUNTRY_FULL_NAME,CANADA,7,CANADA 7Y Govt
GTCAD10Y Corp,COUNTRY_FULL_NAME,CANADA,10,CANADA 10Y Govt
GTCAD30Y Corp,COUNTRY_FULL_NAME,CANADA,30,CANADA 30Y Govt
GTMXN2Y Corp,COUNTRY_FULL_NAME,MEXICO,2,MEXICO 2Y Govt
GTMXN3Y Corp,COUNTRY_FULL_NAME,MEXICO,3,MEXICO 3Y Govt
GTMXN5Y Corp,COUNTRY_FULL_NAME,MEXICO,5,MEXICO 5Y Govt
GTMXN10Y Corp,COUNTRY_FULL_NAME,MEXICO,10,MEXICO 10Y Govt
GTMXN15Y Corp,COUNTRY_FULL_NAME,MEXICO,15,MEXICO 15Y Govt
GTMXN30Y Corp,COUNTRY_FULL_NAME,MEXICO,30,MEXICO 30Y Govt
GTUSDVE2Y Corp,COUNTRY_FULL_NAME,VENEZUELA,2,VENEZUELA 2Y Govt
GTUSDVE3Y Corp,COUNTRY_FULL_NAME,VENEZUELA,3,VENEZUELA 3Y Govt
GTUSDVE10Y Corp,COUNTRY_FULL_NAME,VENEZUELA,10,VENEZUELA 10Y Govt
GTUSDVE15Y Corp,COUNTRY_FULL_NAME,VENEZUELA,15,VENEZUELA 15Y Govt
GTUSDMX2Y Corp,COUNTRY_FULL_NAME,MEXICO,2,MEXICO 2Y Govt
GTUSDMX3Y Corp,COUNTRY_FULL_NAME,MEXICO,3,MEXICO 3Y Govt
GTUSDMX5Y Corp,COUNTRY_FULL_NAME,MEXICO,5,MEXICO 5Y Govt
GTUSDMX7Y Corp,COUNTRY_FULL_NAME,MEXICO,7,MEXICO 7Y Govt
GTUSDMX10Y Corp,COUNTRY_FULL_NAME,MEXICO,10,MEXICO 10Y Govt
GTUSDMX15Y Corp,COUNTRY_FULL_NAME,MEXICO,15,MEXICO 15Y Govt
GTUSDMX30Y Corp,COUNTRY_FULL_NAME,MEXICO,30,MEXICO 30Y Govt
GTBRL2Y Corp,COUNTRY_FULL_NAME,BRAZIL,2,BRAZIL 2Y Govt
GTBRL3Y Corp,COUNTRY_FULL_NAME,BRAZIL,3,BRAZIL 3Y Govt
GTBRL5Y Corp,COUNTRY_FULL_NAME,BRAZIL,5,BRAZIL 5Y Govt
GTBRL10Y Corp,COUNTRY_FULL_NAME,BRAZIL,10,BRAZIL 10Y Govt
GTUSD2Y Govt,COUNTRY_FULL_NAME,UNITED STATES,2,UNITED STATES 2Y Govt
GTUSD3Y Govt,COUNTRY_FULL_NAME,UNITED STATES,3,UNITED STATES 3Y Govt
GTUSD5Y Govt,COUNTRY_FULL_NAME,UNITED STATES,5,UNITED STATES 5Y Govt
GTUSD7Y Govt,COUNTRY_FULL_NAME,UNITED STATES,7,UNITED STATES 7Y Govt
GTUSD10Y Govt,COUNTRY_FULL_NAME,UNITED STATES,10,UNITED STATES 10Y Govt
GTUSD20Y Govt,COUNTRY_FULL_NAME,UNITED STATES,20,UNITED STATES 20Y Govt
GTUSD30Y Govt,COUNTRY_FULL_NAME,UNITED STATES,30,UNITED STATES 30Y Govt
GTUSDPE2Y Corp,COUNTRY_FULL_NAME,PERU,2,PERU 2Y Govt
GTUSDPE5Y Corp,COUNTRY_FULL_NAME,PERU,5,PERU 5Y Govt
GTUSDPE10Y Corp,COUNTRY_FULL_NAME,PERU,10,PERU 10Y Govt
GTUSDPE15Y Corp,COUNTRY_FULL_NAME,PERU,15,PERU 15Y Govt
GTUSDPE30Y Corp,COUNTRY_FULL_NAME,PERU,30,PERU 30Y Govt
GTUSDCL2Y Corp,COUNTRY_FULL_NAME,CHILE,2,CHILE 2Y Govt
GTUSDCL3Y Corp,COUNTRY_FULL_NAME,CHILE,3,CHILE 3Y Govt
GTUSDCL5Y Corp,COUNTRY_FULL_NAME,CHILE,5,CHILE 5Y Govt
GTUSDCL7Y Corp,COUNTRY_FULL_NAME,CHILE,7,CHILE 7Y Govt
GTUSDCL10Y Corp,COUNTRY_FULL_NAME,CHILE,10,CHILE 10Y Govt
GTUSDCL30Y Corp,COUNTRY_FULL_NAME,CHILE,30,CHILE 30Y Govt
GTPEN2Y Corp,COUNTRY_FULL_NAME,PERU,2,PERU 2Y Govt
GTPEN5Y Corp,COUNTRY_FULL_NAME,PERU,5,PERU 5Y Govt
GTPEN7Y Corp,COUNTRY_FULL_NAME,PERU,7,PERU 7Y Govt
GTPEN10Y Corp,COUNTRY_FULL_NAME,PERU,10,PERU 10Y Govt
GTPEN15Y Corp,COUNTRY_FULL_NAME,PERU,15,PERU 15Y Govt
GTPEN30Y Corp,COUNTRY_FULL_NAME,PERU,30,PERU 30Y Govt
GTCLP2Y Corp,COUNTRY_FULL_NAME,CHILE,2,CHILE 2Y Govt
GTCLP5Y Corp,COUNTRY_FULL_NAME,CHILE,5,CHILE 5Y Govt
GTCLP10Y Corp,COUNTRY_FULL_NAME,CHILE,10,CHILE 10Y Govt
GTCLP30Y Corp,COUNTRY_FULL_NAME,CHILE,30,CHILE 30Y Govt
GTPAB2Y Corp,COUNTRY_FULL_NAME,PANAMA,2,PANAMA 2Y Govt
GTPAB3Y Corp,COUNTRY_FULL_NAME,PANAMA,3,PANAMA 3Y Govt
GTPAB5Y Corp,COUNTRY_FULL_NAME,PANAMA,5,PANAMA 5Y Govt
GTPAB7Y Corp,COUNTRY_FULL_NAME,PANAMA,7,PANAMA 7Y Govt
GTPAB10Y Corp,COUNTRY_FULL_NAME,PANAMA,10,PANAMA 10Y Govt
GTPAB30Y Corp,COUNTRY_FULL_NAME,PANAMA,30,PANAMA 30Y Govt
ARGENT GB 5Y Corp,COUNTRY_FULL_NAME,ARGENTINA,5,ARGENTINA 5Y Govt
ARGENT GB 10Y Corp,COUNTRY_FULL_NAME,ARGENTINA,10,ARGENTINA 10Y Govt
ARGENT GB 15Y Corp,COUNTRY_FULL_NAME,ARGENTINA,15,ARGENTINA 15Y Govt
GTCOP2Y Corp,COUNTRY_FULL_NAME,COLOMBIA,2,COLOMBIA 2Y Govt
GTCOP3Y Corp,COUNTRY_FULL_NAME,COLOMBIA,3,COLOMBIA 3Y Govt
GTCOP5Y Corp,COUNTRY_FULL_NAME,COLOMBIA,5,COLOMBIA 5Y Govt
GTCOP7Y Corp,COUNTRY_FULL_NAME,COLOMBIA,7,COLOMBIA 7Y Govt
GTCOP10Y Corp,COUNTRY_FULL_NAME,COLOMBIA,10,COLOMBIA 10Y Govt
GTCOP15Y Corp,COUNTRY_FULL_NAME,COLOMBIA,15,COLOMBIA 15Y Govt
GTCOP30Y Corp,COUNTRY_FULL_NAME,COLOMBIA,30,COLOMBIA 30Y Govt
GTUSDPH2Y Corp,COUNTRY_FULL_NAME,PHILIPPINES,2,PHILIPPINES 2Y Govt
GTUSDPH3Y Corp,COUNTRY_FULL_NAME,PHILIPPINES,3,PHILIPPINES 3Y Govt
GTUSDPH5Y Corp,COUNTRY_FULL_NAME,PHILIPPINES,5,PHILIPPINES 5Y Govt
GTUSDPH7Y Corp,COUNTRY_FULL_NAME,PHILIPPINES,7,PHILIPPINES 7Y Govt
GTUSDPH10Y Corp,COUNTRY_FULL_NAME,PHILIPPINES,10,PHILIPPINES 10Y Govt
GTUSDPH15Y Corp,COUNTRY_FULL_NAME,PHILIPPINES,15,PHILIPPINES 15Y Govt
GTPHP2Y Corp,COUNTRY_FULL_NAME,PHILIPPINES,2,PHILIPPINES 2Y Govt
GTPHP3Y Corp,COUNTRY_FULL_NAME,PHILIPPINES,3,PHILIPPINES 3Y Govt
GTPHP5Y Corp,COUNTRY_FULL_NAME,PHILIPPINES,5,PHILIPPINES 5Y Govt
GTPHP7Y Corp,COUNTRY_FULL_NAME,PHILIPPINES,7,PHILIPPINES 7Y Govt
GTPHP10Y Corp,COUNTRY_FULL_NAME,PHILIPPINES,10,PHILIPPINES 10Y Govt
GTSGD2Y Corp,COUNTRY_FULL_NAME,SINGAPORE,2,SINGAPORE 2Y Govt
GTSGD5Y Corp,COUNTRY_FULL_NAME,SINGAPORE,5,SINGAPORE 5Y Govt
GTSGD10Y Corp,COUNTRY_FULL_NAME,SINGAPORE,10,SINGAPORE 10Y Govt
GTSGD15Y Corp,COUNTRY_FULL_NAME,SINGAPORE,15,SINGAPORE 15Y Govt
GTSGD30Y Corp,COUNTRY_FULL_NAME,SINGAPORE,30,SINGAPORE 30Y Govt
GTKRW2Y Corp,COUNTRY_FULL_NAME,SOUTH KOREA,2,SOUTH KOREA 2Y Govt
GTKRW3Y Corp,COUNTRY_FULL_NAME,SOUTH KOREA,3,SOUTH KOREA 3Y Govt
GTKRW5Y Corp,COUNTRY_FULL_NAME,SOUTH KOREA,5,SOUTH KOREA 5Y Govt
GTKRW10Y Corp,COUNTRY_FULL_NAME,SOUTH KOREA,10,SOUTH KOREA 10Y Govt
GTKRW30Y Corp,COUNTRY_FULL_NAME,SOUTH KOREA,30,SOUTH KOREA 30Y Govt
GTINR2Y Corp,COUNTRY_FULL_NAME,INDIA,2,INDIA 2Y Govt
GTINR3Y Corp,COUNTRY_FULL_NAME,INDIA,3,INDIA 3Y Govt
GTINR5Y Corp,COUNTRY_FULL_NAME,INDIA,5,INDIA 5Y Govt
GTINR7Y Corp,COUNTRY_FULL_NAME,INDIA,7,INDIA 7Y Govt
GTINR10Y Corp,COUNTRY_FULL_NAME,INDIA,10,INDIA 10Y Govt
GTINR15Y Corp,COUNTRY_FULL_NAME,INDIA,15,INDIA 15Y Govt
GTINR30Y Corp,COUNTRY_FULL_NAME,INDIA,30,INDIA 30Y Govt
GTMYR3Y Corp,COUNTRY_FULL_NAME,MALAYSIA,3,MALAYSIA 3Y Govt
GTMYR5Y Corp,COUNTRY_FULL_NAME,MALAYSIA,5,MALAYSIA 5Y Govt
GTMYR7Y Corp,COUNTRY_FULL_NAME,MALAYSIA,7,MALAYSIA 7Y Govt
GTMYR10Y Corp,COUNTRY_FULL_NAME,MALAYSIA,10,MALAYSIA 10Y Govt
GTMYR15Y Corp,COUNTRY_FULL_NAME,MALAYSIA,15,MALAYSIA 15Y Govt
GTMYR30Y Corp,COUNTRY_FULL_NAME,MALAYSIA,30,MALAYSIA 30Y Govt
GTTWD2Y Corp,COUNTRY_FULL_NAME,TAIWAN,2,TAIWAN 2Y Govt
GTTWD5Y Corp,COUNTRY_FULL_NAME,TAIWAN,5,TAIWAN 5Y Govt
GTTWD10Y Corp,COUNTRY_FULL_NAME,TAIWAN,10,TAIWAN 10Y Govt
GTTWD30Y Corp,COUNTRY_FULL_NAME,TAIWAN,30,TAIWAN 30Y Govt
GTTHB2Y Corp,COUNTRY_FULL_NAME,THAILAND,2,THAILAND 2Y Govt
GTTHB3Y Corp,COUNTRY_FULL_NAME,THAILAND,3,THAILAND 3Y Govt
GTTHB5Y Corp,COUNTRY_FULL_NAME,THAILAND,5,THAILAND 5Y Govt
GTTHB7Y Corp,COUNTRY_FULL_NAME,THAILAND,7,THAILAND 7Y Govt
GTTHB10Y Corp,COUNTRY_FULL_NAME,THAILAND,10,THAILAND 10Y Govt
GTTHB15Y Corp,COUNTRY_FULL_NAME,THAILAND,15,THAILAND 15Y Govt
GTTHB30Y Corp,COUNTRY_FULL_NAME,THAILAND,30,THAILAND 30Y Govt
GTNZD2Y Corp,COUNTRY_FULL_NAME,NEW ZEALAND,2,NEW ZEALAND 2Y Govt
GTNZD3Y Corp,COUNTRY_FULL_NAME,NEW ZEALAND,3,NEW ZEALAND 3Y Govt
GTNZD5Y Corp,COUNTRY_FULL_NAME,NEW ZEALAND,5,NEW ZEALAND 5Y Govt
GTNZD7Y Corp,COUNTRY_FULL_NAME,NEW ZEALAND,7,NEW ZEALAND 7Y Govt
GTNZD10Y Corp,COUNTRY_FULL_NAME,NEW ZEALAND,10,NEW ZEALAND 10Y Govt
GTNZD15Y Corp,COUNTRY_FULL_NAME,NEW ZEALAND,15,NEW ZEALAND 15Y Govt
GTNZD30Y Corp,COUNTRY_FULL_NAME,NEW ZEALAND,30,NEW ZEALAND 30Y Govt
GTAUD2Y Corp,COUNTRY_FULL_NAME,AUSTRALIA,2,AUSTRALIA 2Y Govt
GTAUD3Y Corp,COUNTRY_FULL_NAME,AUSTRALIA,3,AUSTRALIA 3Y Govt
GTAUD5Y Corp,COUNTRY_FULL_NAME,AUSTRALIA,5,AUSTRALIA 5Y Govt
GTAUD7Y Corp,COUNTRY_FULL_NAME,AUSTRALIA,7,AUSTRALIA 7Y Govt
GTAUD10Y Corp,COUNTRY_FULL_NAME,AUSTRALIA,10,AUSTRALIA 10Y Govt
GTAUD15Y Corp,COUNTRY_FULL_NAME,AUSTRALIA,15,AUSTRALIA 15Y Govt
GTAUD30Y Corp,COUNTRY_FULL_NAME,AUSTRALIA,30,AUSTRALIA 30Y Govt
GTUSDID2Y Corp,COUNTRY_FULL_NAME,INDONESIA,2,INDONESIA 2Y Govt
GTUSDID3Y Corp,COUNTRY_FULL_NAME,INDONESIA,3,INDONESIA 3Y Govt
GTUSDID5Y Corp,COUNTRY_FULL_NAME,INDONESIA,5,INDONESIA 5Y Govt
GTUSDID7Y Corp,COUNTRY_FULL_NAME,INDONESIA,7,INDONESIA 7Y Govt
GTUSDID10Y Corp,COUNTRY_FULL_NAME,INDONESIA,10,INDONESIA 10Y Govt
GTUSDID15Y Corp,COUNTRY_FULL_NAME,INDONESIA,15,INDONESIA 15Y Govt
GTUSDID30Y Corp,COUNTRY_FULL_NAME,INDONESIA,30,INDONESIA 30Y Govt
GTPKR3Y Corp,COUNTRY_FULL_NAME,PAKISTAN,3,PAKISTAN 3Y Govt
GTPKR5Y Corp,COUNTRY_FULL_NAME,PAKISTAN,5,PAKISTAN 5Y Govt
GTPKR7Y Corp,COUNTRY_FULL_NAME,PAKISTAN,7,PAKISTAN 7Y Govt
GTPKR10Y Corp,COUNTRY_FULL_NAME,PAKISTAN,10,PAKISTAN 10Y Govt
GTPKR15Y Corp,COUNTRY_FULL_NAME,PAKISTAN,15,PAKISTAN 15Y Govt
GTPKR30Y Corp,COUNTRY_FULL_NAME,PAKISTAN,30,PAKISTAN 30Y Govt
GTHKD2Y Corp,COUNTRY_FULL_NAME,HONG KONG,2,HONG KONG 2Y Govt
GTHKD3Y Corp,COUNTRY_FULL_NAME,HONG KONG,3,HONG KONG 3Y Govt
GTHKD5Y Corp,COUNTRY_FULL_NAME,HONG KONG,5,HONG KONG 5Y Govt
GTIDR2Y Corp,COUNTRY_FULL_NAME,INDONESIA,2,INDONESIA 2Y Govt
GTIDR3Y Corp,COUNTRY_FULL_NAME,INDONESIA,3,INDONESIA 3Y Govt
GTIDR5Y Corp,COUNTRY_FULL_NAME,INDONESIA,5,INDONESIA 5Y Govt
GTIDR7Y Corp,COUNTRY_FULL_NAME,INDONESIA,7,INDONESIA 7Y Govt
GTIDR10Y Corp,COUNTRY_FULL_NAME,INDONESIA,10,INDONESIA 10Y Govt
GTIDR15Y Corp,COUNTRY_FULL_NAME,INDONESIA,15,INDONESIA 15Y Govt
GTIDR30Y Corp,COUNTRY_FULL_NAME,INDONESIA,30,INDONESIA 30Y Govt
GTJPY2Y Corp,COUNTRY_FULL_NAME,JAPAN,2,JAPAN 2Y Govt
GTJPY3Y Corp,COUNTRY_FULL_NAME,JAPAN,3,JAPAN 3Y Govt
GTJPY5Y Corp,COUNTRY_FULL_NAME,JAPAN,5,JAPAN 5Y Govt
GTJPY7Y Corp,COUNTRY_FULL_NAME,JAPAN,7,JAPAN 7Y Govt
GTJPY10Y Corp,COUNTRY_FULL_NAME,JAPAN,10,JAPAN 10Y Govt
GTJPY15Y Corp,COUNTRY_FULL_NAME,JAPAN,15,JAPAN 15Y Govt
GTJPY30Y Corp,COUNTRY_FULL_NAME,JAPAN,30,JAPAN 30Y Govt
GTCNY2Y Corp,COUNTRY_FULL_NAME,CHINA,2,CHINA 2Y Govt
GTCNY3Y Corp,COUNTRY_FULL_NAME,CHINA,3,CHINA 3Y Govt
GTCNY5Y Corp,COUNTRY_FULL_NAME,CHINA,5,CHINA 5Y Govt
GTCNY7Y Corp,COUNTRY_FULL_NAME,CHINA,7,CHINA 7Y Govt
GTCNY10Y Corp,COUNTRY_FULL_NAME,CHINA,10,CHINA 10Y Govt
GTCNY15Y Corp,COUNTRY_FULL_NAME,CHINA,15,CHINA 15Y Govt
GTCNY30Y Corp,COUNTRY_FULL_NAME,CHINA,30,CHINA 30Y Govt
